,0,1
0,-3.5482526,-29.957281
1,-6.6877284,-32.753025
2,-3.5227134,-31.116041
3,-3.8010662,-30.722328
4,-54.02495,8.141972
5,-55.631725,6.1353245
6,-1.6610287,-27.36723
7,-55.772343,8.348184
8,-8.669205,-23.125761
9,-55.713707,8.0778
10,-6.2973027,-23.618895
11,-6.535475,-25.403479
12,-6.986876,-25.710548
13,-6.2230463,-24.919197
14,-49.716675,6.4187036
15,-6.2325945,-25.057627
16,-48.367172,6.230482
17,-51.42312,3.6127408
18,-46.706657,8.164642
19,-50.627716,10.220499
20,5.216327,9.092652
21,3.4063728,11.936117
22,5.3890533,5.443866
23,4.6997724,5.0657883
24,3.0674105,4.1926455
25,7.429462,8.425048
26,7.279378,8.051133
27,6.229284,6.1191573
28,8.502173,10.959078
29,-13.804821,41.105137
30,1.3940977,3.359885
31,4.8238773,16.923134
32,1.3774928,3.3496313
33,-31.948017,-31.835283
34,-12.68579,24.907793
35,-30.877602,-29.618084
36,-31.267841,-31.529402
37,-15.176414,22.837908
38,-14.898032,42.82305
39,-13.53863,20.208132
40,-12.745669,43.702923
41,-15.020217,22.94091
42,-11.713158,26.156847
43,-12.623827,24.999279
44,-31.48614,-29.712606
45,-31.929676,-29.062658
46,-26.954958,-27.87658
47,-0.97373796,29.299181
48,33.888805,-19.742046
49,-3.0655344,28.123863
50,-3.8666754,28.624834
51,-2.2279756,24.569986
52,-3.3924735,29.731018
53,-1.1224233,21.532848
54,-2.394821,21.675951
55,-1.0874741,21.12343
56,-0.12533021,21.392626
57,-0.8890775,29.591995
58,-0.62626296,30.155312
59,-2.2968833,22.348856
60,-4.9861174,22.219135
61,-1.0048555,30.805897
62,-35.774857,-26.629038
63,-5.402857,22.41266
64,-35.52091,-26.696474
65,33.409027,-22.525719
66,19.094828,8.16737
67,27.589561,-22.080915
68,27.415598,-21.991114
69,19.9268,3.8533034
70,22.152657,4.777753
71,27.685743,-22.120348
72,35.22869,30.156557
73,20.904985,4.4865146
74,35.617535,31.490742
75,23.746181,9.359689
76,13.400574,41.89831
77,22.702095,7.6897454
78,22.748302,8.195158
79,24.783201,10.1433935
80,27.818632,9.722821
81,14.382352,41.571335
82,11.723992,41.604214
83,12.23556,41.19217
84,-18.258354,-1.9556493
85,11.637485,40.826637
86,-22.04642,-3.4177885
87,-20.62554,-4.5093727
88,-21.167305,-2.920312
89,-21.232231,-1.9105649
90,18.212605,-41.015957
91,17.69407,-43.28328
92,-12.619006,-0.09054086
93,-12.596946,-0.14783834
94,18.24255,-41.065857
95,16.49573,-43.561935
96,-14.274101,1.1802015
97,15.475579,-42.76676
98,-11.67008,0.09540673
99,-14.566819,0.18269897
100,16.49302,-30.548952
101,14.477655,-21.546267
102,13.873894,-19.660816
103,17.611021,-25.021212
104,16.52793,-15.14514
105,18.35561,-29.882738
106,20.15132,-14.735163
107,14.701639,-26.383764
108,14.956777,-26.594269
109,19.254732,-14.868066
110,20.781275,-19.675425
111,21.501665,-19.85418
112,22.180723,-19.919775
113,21.26544,-18.476494
114,19.148783,-18.59544
115,20.958439,-20.149006
116,20.4746,-17.502384
117,20.942497,-26.749716
118,20.92679,-26.462282
119,22.919128,-28.12034
120,22.636944,-25.021412
121,-4.000086,-31.55705
122,-3.5100362,-31.265556
123,-6.9793053,-32.124847
124,-5.4319015,-33.15297
125,-55.690422,5.5719414
126,-55.108387,7.290685
127,-1.8099346,-27.223707
128,-54.616356,6.5725946
129,-53.724087,5.441797
130,-52.572926,7.334308
131,-9.207562,-24.052958
132,-9.1200905,-24.173553
133,-6.917796,-25.83119
134,-8.24018,-24.443521
135,-8.437796,-24.363579
136,-5.7964416,-22.438667
137,-47.10066,7.0626597
138,-50.627678,10.192392
139,-47.21253,6.499347
140,-50.680084,10.1895
141,5.28163,9.276825
142,5.3561115,9.500328
143,2.4943776,12.518063
144,-11.217216,39.675026
145,5.6202016,5.742725
146,6.676255,6.787373
147,-12.488314,40.713287
148,4.3104734,8.092865
149,-14.08908,41.106853
150,5.1488967,16.855934
151,13.918233,9.849087
152,14.360121,10.246978
153,-14.898229,41.534775
154,-13.992718,23.448172
155,-33.26055,-29.318092
156,-33.408764,-32.260124
157,-13.319156,19.662037
158,-15.338317,22.546509
159,-33.167053,-32.488354
160,-14.304211,42.859955
161,-15.02868,20.953228
162,-34.171707,-31.801912
163,-13.430563,43.386898
164,-12.907825,19.421524
165,-32.81071,-29.377151
166,-3.0760472,28.122972
167,16.285099,4.61756
168,-0.8282108,32.599216
169,-34.671787,-26.823414
170,-3.460124,30.058569
171,-3.321669,29.843985
172,-0.9002879,21.754427
173,-2.2122135,24.642101
174,-37.56622,-28.460323
175,-0.47341833,22.913115
176,-28.280853,-26.455587
177,-5.3446803,22.665047
178,16.94352,4.1710644
179,-4.4229846,29.750114
180,-4.218461,29.853912
181,-34.904415,-26.623207
182,16.377443,5.0753655
183,-36.21781,-26.9908
184,34.191788,-22.353699
185,-36.179413,-27.252417
186,-35.93588,-26.480913
187,-5.436684,22.39296
188,35.057144,28.653362
189,34.34653,32.307987
190,34.692516,28.604826
191,33.489178,31.63991
192,34.222054,32.50251
193,34.626152,30.85126
194,34.332108,31.156544
195,22.498281,4.7655106
196,20.926853,4.479994
197,13.136383,41.12472
198,22.981384,8.791447
199,13.615464,41.321056
200,26.929237,9.600374
201,15.141557,41.407795
202,25.132198,6.9991865
203,15.032189,40.55624
204,11.484483,41.478863
205,-19.362568,-0.7743978
206,11.04728,40.776714
207,-18.908663,-1.071737
208,-22.056843,-3.3155208
209,-19.520315,-5.341184
210,-21.944117,-3.2636542
211,-13.91422,-0.49861184
212,-19.195234,-4.6476436
213,-12.088094,0.17299135
214,-12.259731,1.0128188
215,18.076145,-41.125263
216,15.9769945,-42.770874
217,18.236256,-41.593567
218,-12.013504,0.32608193
219,18.488394,-43.08005
220,-14.477553,-0.10893853
221,14.051789,-20.254086
222,-12.686072,1.3135313
223,18.294256,-30.653185
224,17.63612,-30.874863
225,16.833738,-13.496744
226,17.333963,-13.193115
227,16.563343,-15.816608
228,23.970997,-15.65537
229,15.485304,-17.688465
230,14.493023,-24.73459
231,16.037748,-15.092458
232,22.319626,-17.215637
233,19.690067,-18.344255
234,20.998657,-20.107498
235,21.533352,-25.170853
236,22.270514,-24.320625
237,21.345232,-25.12596
238,21.119131,-17.150433
239,21.009792,-26.494165
240,21.891155,-18.989285
241,23.225878,-25.985014
242,-3.5767994,-31.366499
243,-3.722514,-32.215233
244,-7.0518627,-32.04045
245,-3.743308,-30.971024
246,-54.074635,9.089826
247,-54.135456,8.114694
248,-52.70317,6.4906025
249,-7.0810776,-30.81154
250,-55.707382,8.047711
251,-54.58154,6.8539786
252,-54.443703,6.2046885
253,-6.404008,-25.389248
254,-6.15626,-24.789927
255,-6.236786,-23.609747
256,-50.940548,9.652755
257,-49.96643,11.38421
258,-50.192287,11.03696
259,-47.640347,6.140473
260,-46.95427,7.7729106
261,-47.698742,6.3664494
262,3.6849093,11.752437
263,4.231875,11.3660555
264,-11.245941,39.766598
265,-11.227446,39.715797
266,4.654411,8.496841
267,6.2982535,5.989844
268,4.3988786,8.231201
269,2.915133,4.126964
270,2.0327349,3.692427
271,8.414486,10.720456
272,14.517924,10.406892
273,14.047697,9.966108
274,-13.706378,23.71159
275,8.549368,11.07666
276,-14.809858,42.07401
277,-31.752644,-31.884232
278,-35.561146,-31.341211
279,-15.0338,20.77971
280,-31.586206,-31.872028
281,-34.76352,-31.21474
282,-13.495776,19.963533
283,-14.834163,20.78185
284,-13.457424,19.692234
285,-34.078773,-32.046658
286,-13.631087,43.739414
287,-32.503582,-28.66234
288,33.78098,-18.768108
289,-31.933104,-28.399187
290,-3.5233576,30.0216
291,-1.8154945,32.510162
292,-2.1914349,24.730701
293,-27.815128,-27.591053
294,-0.99712235,21.830715
295,-1.3197753,22.846804
296,-0.7609546,22.995337
297,-4.839343,22.926003
298,-0.76232487,30.214691
299,-2.1496065,22.596903
300,34.172516,-20.926144
301,-2.3518264,22.560015
302,-36.539448,-26.459925
303,33.723553,-22.332218
304,16.413227,5.286181
305,33.962826,-20.850534
306,33.149715,-17.520077
307,-35.886127,-27.6931
308,27.494875,-22.03575
309,19.069248,8.147067
310,18.328426,4.066228
311,27.602922,-22.09379
312,33.614178,30.965244
313,34.267776,28.975464
314,35.618908,29.408064
315,35.298187,29.997187
316,23.578087,9.388207
317,34.420547,30.732265
318,27.083822,9.660681
319,23.849106,9.820769
320,25.153767,7.0504823
321,13.491702,41.17116
322,26.78357,7.931502
323,24.484224,10.210144
324,13.811781,41.784348
325,14.290611,41.79711
326,14.954455,40.65832
327,15.857678,40.687332
328,-18.80711,-0.9022083
329,-20.382622,-5.1108046
330,-21.451517,-2.2844777
331,-18.343254,-0.9236743
332,-13.282135,3.2564619
333,-12.532152,0.53076327
334,18.42627,-43.236164
335,17.116604,-43.729946
336,-13.966666,0.7697368
337,16.58672,-42.28243
338,17.041681,-43.537838
339,18.573309,-43.37196
340,-13.245754,1.034989
341,-13.798129,-0.32703942
342,-13.125259,-1.3223262
343,17.115181,-27.336025
344,13.5877,-25.435982
345,16.914272,-25.038736
346,16.759954,-17.672003
347,13.245567,-25.604078
348,17.262384,-15.277244
349,15.699273,-16.980175
350,15.765707,-16.608109
351,23.758038,-15.3889885
352,20.347883,-16.942766
353,23.04786,-28.211887
354,23.369505,-28.576508
355,18.881227,-19.825323
356,21.987082,-18.953737
357,22.161512,-25.588203
358,22.098171,-20.002981
359,21.143076,-27.71201
360,21.8038,-26.78187
361,21.327806,-25.059544
362,20.695286,-19.073212
363,-3.6244972,-30.218178
364,-4.2294617,-32.29106
365,-3.7367265,-30.824127
366,-1.4577076,-27.919333
367,-53.317635,7.24359
368,-54.525623,6.5706754
369,-52.502346,6.9562035
370,-53.98415,8.644394
371,-3.3832185,-29.490538
372,-53.81217,5.4620004
373,-8.366218,-23.161135
374,-7.717797,-22.772823
375,-6.9661984,-25.659887
376,-7.393753,-21.75285
377,-7.6192145,-22.343428
378,-6.176037,-24.882118
379,-51.403774,3.438876
380,-48.7994,6.324079
381,-49.881237,11.46971
382,-46.744137,7.048977
383,4.9575515,10.43089
384,4.422356,11.203297
385,-11.224584,40.46419
386,4.900851,8.759974
387,5.9861345,6.008368
388,6.392553,6.496532
389,7.216027,7.9822707
390,4.1701145,4.7692666
391,1.8958158,3.6201978
392,1.0372106,13.492424
393,-14.495654,41.744972
394,0.7257226,13.730214
395,-13.795094,23.60884
396,-14.476661,23.104422
397,-12.5331545,25.119282
398,0.46853262,13.973775
399,-13.938027,23.290596
400,-33.038143,-32.40241
401,-13.373006,19.850237
402,-34.144653,-31.863121
403,-32.30706,-31.571556
404,-13.675767,43.437725
405,-34.711555,-31.32464
406,-33.216732,-29.126919
407,-2.5115213,27.88876
408,-3.148671,28.175852
409,-0.9516558,29.25049
410,33.79167,-18.90587
411,-3.5303626,30.327644
412,-4.104312,28.78649
413,-0.065841675,21.231377
414,-28.319355,-26.272526
415,-2.465547,24.219725
416,-1.3774235,32.903103
417,-36.403316,-28.759832
418,33.84557,-19.920212
419,-2.203011,22.092508
420,-1.3638554,22.959415
421,33.666862,-20.40243
422,-4.906057,22.977163
423,-0.8470516,30.68675
424,-35.774902,-26.642103
425,33.533085,-20.515379
426,-35.082565,-27.195862
427,-35.83955,-27.871717
428,16.640568,6.2768283
429,33.889103,32.30027
430,34.324844,32.14865
431,33.216606,31.559486
432,33.643875,31.751738
433,33.9736,31.763636
434,34.9834,31.314028
435,20.997118,4.499396
436,35.818863,30.68149
437,33.6505,31.148285
438,34.275986,30.695448
439,22.668026,7.7853403
440,27.191084,9.480742
441,27.9798,9.027606
442,24.014904,9.901665
443,27.41954,8.843877
444,25.090641,10.183644
445,26.876738,8.032762
446,11.504904,41.32794
447,-19.65288,-4.7562613
448,15.968477,40.320442
449,-19.135262,-1.188219
450,-19.433964,-4.5829525
451,-18.187141,-2.1362672
452,-21.68628,-1.8377709
453,-21.162642,-2.8703127
454,-19.937222,-4.869979
455,17.167587,-41.399826
456,15.678035,-42.707863
457,18.414486,-42.576183
458,-13.364745,0.8386863
459,-14.227853,1.2116499
460,-11.833783,-0.37190562
461,-13.696868,0.6326805
462,-13.783395,0.5945181
463,15.209791,-26.34367
464,13.708842,-19.14517
465,14.56449,-22.48091
466,17.515808,-25.019608
467,16.949297,-30.777271
468,15.883827,-17.83374
469,17.02055,-14.220197
470,16.954988,-17.533625
471,19.045574,-15.017153
472,14.461253,-24.347971
473,21.46994,-19.685703
474,20.42949,-17.185736
475,22.070354,-25.51633
476,20.18098,-17.643064
477,20.746336,-19.228592
478,22.23412,-19.956944
479,23.04973,-28.214285
480,20.844711,-26.540834
481,21.08469,-27.622725
482,20.959202,-16.83485
483,22.61159,-25.15357
484,-4.734484,-32.642643
485,-5.854948,-33.173256
486,-6.237156,-33.12875
487,-7.0353765,-31.78823
488,-52.77559,6.360763
489,-54.634308,7.118177
490,-55.736626,5.482524
491,-54.93809,9.026644
492,-53.866894,5.70006
493,-52.527187,7.345254
494,-8.163198,-22.791824
495,-9.046356,-23.346045
496,-6.5659785,-25.469584
497,-5.816444,-22.590368
498,-5.7789345,-22.505096
499,-48.99687,6.138433
500,-48.616337,6.403126
501,-47.100502,7.280228
502,-50.005997,11.321503
503,-51.38769,3.17767
504,5.128685,10.003982
505,3.897616,11.61041
506,7.923313,9.301538
507,-11.301058,39.66565
508,7.1485376,7.7812166
509,6.85104,7.0639606
510,7.024238,7.374611
511,-13.3683815,41.366108
512,-13.092869,41.360077
513,12.957345,8.943727
514,14.13539,10.056089
515,-14.436029,41.19978
516,5.2135596,16.847902
517,5.247217,16.840887
518,-12.8339,43.67958
519,-15.363829,42.56803
520,-13.918916,43.7333
521,-14.907201,42.85429
522,-12.710562,19.222721
523,-13.920971,43.78062
524,-31.161026,-29.807943
525,-31.343891,-29.641897
526,-33.500053,-31.625717
527,-13.08583,43.45028
528,-33.33748,-29.036196
529,-0.39450207,31.877174
530,-1.0544108,29.26481
531,-0.37342212,31.924084
532,-27.335194,-25.796623
533,-37.29693,-29.3806
534,-4.098103,29.023571
535,-1.7404487,34.114906
536,33.969963,-20.115858
537,-1.7382178,34.102818
538,-1.1306647,21.047762
539,16.684645,4.434441
540,-1.071323,30.914442
541,-0.8595834,30.546494
542,34.623966,-21.884527
543,34.4618,-21.9765
544,-0.9728663,22.267574
545,-2.2582686,22.53585
546,0.026745636,30.459465
547,-35.927826,-26.832607
548,33.015167,-22.893667
549,33.154396,-23.251287
550,18.96529,8.159825
551,33.11833,-23.299822
552,33.03621,-17.307705
553,19.421494,3.868817
554,34.30652,29.373957
555,34.741047,29.200272
556,34.573673,29.352018
557,21.00755,4.4898615
558,23.317144,9.331122
559,36.154335,30.947409
560,22.625433,4.7266417
561,22.643831,4.742612
562,12.43902,41.933178
563,14.3548355,41.16223
564,14.513339,41.159683
565,14.5890665,41.656593
566,13.863166,41.77477
567,12.956693,41.22881
568,15.838132,40.376026
569,-20.595549,-4.9534845
570,-19.642855,-4.9908214
571,-18.2663,-1.0097532
572,-21.170809,-2.522647
573,-20.165491,-4.3458204
574,-21.221462,-2.323405
575,17.572546,-40.927055
576,16.156729,-43.695293
577,17.820715,-42.47214
578,17.037338,-43.294052
579,17.781038,-40.99415
580,-13.657563,1.4472905
581,18.061153,-43.642017
582,-12.652656,1.5071406
583,-13.211847,1.6114411
584,17.550026,-25.041267
585,14.511848,-21.74152
586,18.16902,-30.58044
587,15.919516,-24.929731
588,14.856455,-26.758244
589,13.700916,-25.417343
590,13.95751,-25.3583
591,16.359646,-15.4938135
592,19.75731,-14.208962
593,15.069398,-16.399948
594,20.877483,-27.84879
595,17.158276,-14.686205
596,21.342878,-17.479609
597,15.190691,-16.431477
598,16.623592,-15.899635
599,21.686016,-26.488699
600,22.65104,-25.181444
601,21.025545,-17.07202
602,21.65925,-17.108143
603,19.729479,-18.415924
604,21.293406,-28.288906
605,-3.9869292,-31.892511
606,-3.56646,-30.076254
607,-6.279239,-33.056824
608,-6.574246,-32.836155
609,-54.9868,7.3498178
610,-53.783,9.130475
611,-54.632256,6.6656346
612,-54.691135,7.018614
613,-52.50354,6.8189425
614,-54.01726,6.24149
615,-7.1560173,-21.64033
616,-8.779297,-24.499958
617,-7.2233434,-21.620998
618,-8.70746,-24.149393
619,-7.363431,-26.136818
620,-5.980117,-22.279419
621,-47.27002,6.9024687
622,-50.790462,10.002982
623,-50.366398,10.740888
624,-49.87635,11.50127
625,4.792223,10.681123
626,4.1556697,11.43937
627,1.7938404,12.964876
628,5.5268364,5.619273
629,6.5536375,6.616745
630,2.9503398,4.1398177
631,1.4397686,13.199031
632,1.1535751,13.4009075
633,13.00067,8.993031
634,0.83662266,13.646476
635,-15.0219145,41.903065
636,14.606965,10.493932
637,-13.4975395,23.766638
638,-14.879189,42.30036
639,-35.38617,-31.394041
640,12.590872,8.786553
641,-14.866952,21.620865
642,-32.58487,-32.08744
643,-14.863278,21.406359
644,-14.63364,22.921352
645,-35.383934,-31.415129
646,-32.932716,-31.604544
647,-31.980955,-28.991842
648,-32.68453,-29.397491
649,-2.5290926,27.882113
650,33.895115,-19.378153
651,-1.0938224,31.112032
652,-3.6269448,30.48033
653,-27.909977,-27.562935
654,33.205948,-17.722553
655,-4.6659985,23.086662
656,-1.5184692,22.610281
657,-2.3031478,24.577724
658,-0.62284684,21.123968
659,-0.6516454,22.565262
660,-1.5254669,22.66121
661,-0.673342,29.654158
662,-2.2747877,22.349648
663,-0.33863226,22.651747
664,-0.7372656,21.150316
665,-36.32736,-28.377485
666,16.79907,4.9657373
667,-36.03584,-26.498678
668,16.621649,6.068472
669,16.270386,5.5931273
670,17.723017,4.1605797
671,33.03341,-23.419962
672,18.221725,4.1123333
673,18.954159,8.113259
674,19.105968,8.16643
675,34.487064,28.833447
676,33.934963,29.162779
677,34.054886,30.728107
678,35.452545,29.335712
679,35.7873,30.543573
680,22.49616,4.773441
681,22.751253,7.819037
682,22.693413,4.708036
683,22.726648,7.810656
684,23.01054,9.032228
685,12.769296,41.184532
686,12.134255,41.962135
687,12.926609,41.348267
688,12.217242,41.744514
689,11.427667,41.288734
690,11.118673,40.710186
691,-19.021181,-1.1398358
692,-20.45985,-5.045531
693,-21.28108,-2.837029
694,-21.554304,-3.2122068
695,17.001003,-43.705246
696,-12.118511,1.022299
697,17.028091,-41.226273
698,-14.0823145,1.2207593
699,-12.650403,-0.29869527
700,18.673439,-42.655495
701,17.389845,-42.150116
702,-14.553986,-0.13881183
703,-14.071964,-0.16062644
704,-12.575557,1.5692829
705,15.392688,-25.601744
706,16.769485,-30.74093
707,18.439606,-29.719156
708,17.085217,-30.773876
709,23.59899,-15.262368
710,23.758783,-15.370638
711,17.017145,-13.31691
712,16.600063,-17.428493
713,19.433311,-15.03769
714,16.660587,-15.940181
715,15.602178,-17.1224
716,20.132944,-18.355444
717,18.923996,-19.784903
718,22.377172,-24.102652
719,19.862963,-18.358171
720,21.365911,-19.772074
721,20.831276,-24.686218
722,23.831158,-25.98073
723,21.212126,-27.561365
724,21.988575,-27.216064
725,23.020643,-25.871178
726,-3.5533922,-31.45854
727,-5.100632,-32.890873
728,-3.6443567,-31.607725
729,-4.292835,-32.424232
730,-52.796875,6.403007
731,-1.7359614,-27.289295
732,-53.763824,8.551707
733,-53.79925,5.3823705
734,-55.406277,6.0170345
735,-8.212276,-23.10988
736,-54.106094,6.258539
737,-8.029751,-24.330477
738,-7.251493,-26.0835
739,-8.5264435,-24.549639
740,-50.9372,9.657526
741,-49.544952,6.1128707
742,-50.010963,6.718713
743,-49.39019,6.0622287
744,-47.048588,6.232289
745,-47.05012,6.3491
746,5.235264,9.831431
747,2.8857927,12.259934
748,8.148658,9.87006
749,4.959561,8.859078
750,-11.373801,40.536205
751,8.142545,9.791639
752,7.0949574,7.59558
753,3.5792103,4.480375
754,-13.680795,41.267387
755,1.3317269,13.266068
756,-13.643688,41.551075
757,0.6223489,13.820776
758,-14.037097,23.250269
759,0.5710115,13.87179
760,-15.218529,22.42421
761,-35.424927,-31.514877
762,-31.181463,-31.594715
763,-31.650513,-31.509348
764,-33.24068,-32.37636
765,-30.9934,-31.644697
766,-14.817464,20.614767
767,-14.142265,20.557764
768,-32.743862,-29.489407
769,-13.615948,20.017344
770,-31.964432,-28.527063
771,-37.345966,-29.418983
772,-37.362076,-28.982182
773,-34.45803,-26.628468
774,-2.0161324,32.23597
775,-1.970475,32.11583
776,-28.049719,-27.196941
777,-27.94528,-27.51798
778,-0.73957646,29.587128
779,-1.9018533,32.125294
780,-0.70198566,20.968554
781,-2.2076652,24.690857
782,-4.5600677,29.451275
783,16.25802,5.3448534
784,-0.60892487,22.543499
785,16.933432,3.9182055
786,33.80325,-20.888348
787,16.6575,6.171542
788,17.84649,4.0600533
789,17.31267,4.032478
790,16.478529,5.704385
791,18.853231,3.803303
792,33.2165,-17.658625
793,33.119343,-17.460299
794,27.278578,-21.925205
795,27.288137,-21.915085
796,34.119648,28.331505
797,32.989304,31.175165
798,35.827057,30.531534
799,33.20277,28.916838
800,23.36661,9.242148
801,34.465908,29.48101
802,27.159864,8.219928
803,25.580309,9.893941
804,23.011086,9.224318
805,27.249783,8.525933
806,25.792793,9.840916
807,24.560358,10.078826
808,24.774673,6.741359
809,15.078768,41.238636
810,15.325578,40.456604
811,11.431947,40.631954
812,-21.566017,-3.0525136
813,-19.246613,-1.288473
814,-19.095057,-1.2351559
815,-18.34781,-2.6109605
816,-18.238993,-2.07825
817,-12.285373,-0.87064874
818,18.449997,-42.76912
819,17.137522,-41.2682
820,18.180315,-41.60323
821,17.004827,-41.185764
822,17.883375,-43.48673
823,16.076555,-43.56186
824,-13.313565,1.2957797
825,-13.617716,0.42201898
826,-11.717588,0.20109464
827,13.860935,-25.077572
828,17.733181,-30.80097
829,13.893921,-19.834772
830,16.820343,-17.68846
831,17.442883,-25.287237
832,16.98733,-13.302886
833,16.893293,-17.233648
834,19.700182,-15.063478
835,15.5774975,-17.118507
836,19.013573,-20.38346
837,14.484552,-24.443897
838,23.337534,-24.353008
839,21.693617,-17.493973
840,20.47282,-26.944664
841,19.040176,-20.458513
842,19.738356,-18.213938
843,20.295258,-17.040518
844,20.533598,-25.228434
845,22.912693,-26.290972
846,22.129662,-27.331762
847,-1.5390537,-27.711975
848,-5.1742063,-32.941845
849,-5.76894,-33.2135
850,-55.21799,8.72873
851,-55.638454,6.000282
852,-55.128704,8.808614
853,-1.8528721,-27.209879
854,-56.03389,8.23023
855,-3.3775635,-29.455416
856,-53.87314,5.4436364
857,-7.615257,-22.701952
858,-7.5970397,-22.679586
859,-7.1891956,-26.03216
860,-8.984391,-23.95264
861,-49.11824,6.111286
862,-5.904941,-22.384148
863,-51.42728,2.7012048
864,-49.27031,6.1545906
865,-46.76377,8.104876
866,3.8111634,11.680725
867,2.9330091,12.243695
868,5.233333,9.140842
869,5.221276,5.3811646
870,4.87713,5.1739683
871,6.336352,6.2179036
872,-12.66582,40.898144
873,3.890909,4.6111617
874,8.05308,9.597105
875,2.34528,3.8432202
876,13.106657,9.085711
877,-12.74714,43.60261
878,1.6062711,3.4682684
879,10.061818,4.4707675
880,4.1735015,7.939317
881,-32.443325,-32.185406
882,-14.508236,43.62148
883,-14.161009,42.963913
884,-14.467529,22.875532
885,-33.013145,-31.59606
886,-31.04496,-29.561632
887,-34.96176,-31.166683
888,-32.370388,-32.34484
889,-35.038933,-31.12966
890,-32.3873,-29.245234
891,-37.464043,-29.571478
892,-2.5745647,27.899536
893,-27.137281,-27.780102
894,-37.456264,-28.47237
895,-1.0097079,32.55703
896,-28.07055,-27.235312
897,-36.97164,-28.600868
898,-27.928951,-26.871117
899,34.208134,-20.974306
900,-1.7370073,22.752945
901,-1.0889146,31.125366
902,-4.406623,30.040157
903,34.493546,-21.532356
904,-36.393063,-28.54229
905,-34.993423,-27.181183
906,-4.5789633,29.752901
907,16.69487,4.3686867
908,34.41765,-22.010983
909,-4.8891773,22.86715
910,17.63302,4.191595
911,17.738565,4.089632
912,-36.370087,-27.443642
913,33.247757,-22.676437
914,19.223118,8.164868
915,19.109747,8.1522665
916,19.495245,3.978561
917,27.645218,-22.109055
918,33.83668,29.386652
919,35.816376,29.463507
920,21.769817,4.750797
921,35.9366,31.082693
922,35.956047,31.52629
923,25.242947,10.03973
924,26.821293,9.849847
925,22.690449,8.276863
926,28.105911,9.001431
927,13.087163,41.8816
928,13.1033125,41.93038
929,24.767456,6.685309
930,11.476091,40.59926
931,15.929084,40.2526
932,15.692621,40.319847
933,-18.331322,-2.323747
934,-18.806023,-3.1744916
935,-18.319416,-0.9959413
936,-18.365538,-2.6025724
937,-12.441401,-0.8512032
938,-14.111164,-0.39826542
939,18.39176,-41.66237
940,17.992695,-41.21651
941,-12.137513,-0.028062496
942,18.932405,-41.801273
943,18.543234,-42.765633
944,18.805311,-41.823452
945,-13.37805,0.89873534
946,-14.213127,0.12655468
947,13.849185,-19.45766
948,16.597784,-25.017578
949,17.325998,-30.826555
950,17.044939,-30.822538
951,15.964247,-24.955847
952,23.828989,-15.4530945
953,19.816545,-14.563667
954,16.875513,-15.521174
955,17.113855,-14.50108
956,19.711231,-14.160556
957,22.695915,-25.686968
958,18.974474,-20.3725
959,22.53122,-25.869917
960,20.74538,-25.959867
961,22.688541,-26.219683
962,22.438072,-24.10546
963,21.813911,-17.2262
964,22.04345,-25.461908
965,22.054565,-27.241
966,21.166077,-19.262333
967,23.579153,-26.027842
968,-6.0611877,-33.222157
969,-4.0884748,-32.142117
970,-6.7814994,-32.512413
971,-52.519283,7.280469
972,-56.066696,8.233924
973,-7.072769,-30.731853
974,-7.068999,-31.304127
975,-53.771496,9.063131
976,-3.3529172,-29.372896
977,-7.060825,-31.02268
978,-6.2618237,-23.841307
979,-8.963408,-23.46413
980,-8.607527,-24.000723
981,-7.631855,-22.680937
982,-6.3170443,-23.744759
983,-7.3477254,-26.042166
984,-47.231476,8.0951805
985,-51.398556,3.3651311
986,-46.650013,7.3464603
987,-47.018417,6.697935
988,4.3374887,11.301296
989,5.3012085,9.627425
990,8.1586075,9.897858
991,-11.272893,40.58583
992,7.137994,7.5282154
993,-11.132322,40.553654
994,-12.256402,40.68863
995,3.2404304,4.286076
996,3.7286055,4.5311575
997,-12.441917,41.13431
998,4.801582,16.92955
999,14.457814,10.339279
1000,-11.877844,25.965343
1001,10.063464,4.4681973
1002,-15.210186,22.578436
1003,-14.464005,43.431168
1004,-15.011666,23.184021
1005,-12.75739,24.815256
1006,-14.311793,20.633123
1007,-15.003987,21.614298
1008,-14.092517,43.382366
1009,-31.494303,-29.265795
1010,-13.267098,43.92258
1011,-13.969641,20.502777
1012,-14.418642,43.637714
1013,33.71775,-18.689455
1014,-3.4733007,30.305489
1015,-1.0434622,32.47284
1016,-0.79248136,32.69323
1017,33.545692,-18.359894
1018,-27.339457,-25.793493
1019,33.207172,-17.674765
1020,-0.6733742,21.386826
1021,-27.989145,-26.990932
1022,-3.8273036,28.673523
1023,-4.1916018,29.209595
1024,34.526543,-21.658375
1025,33.67387,-20.209806
1026,34.234047,-21.175076
1027,-2.2346215,21.876682
1028,-28.008627,-26.661173
1029,-0.13432053,30.46726
1030,16.609161,6.055037
1031,-36.792755,-27.69533
1032,34.115944,-22.294853
1033,-35.913696,-27.455952
1034,19.089197,3.0773847
1035,33.0534,-23.326094
1036,33.30636,31.210302
1037,18.69043,3.8788645
1038,34.068302,28.143509
1039,33.022945,-17.27825
1040,34.127846,31.01913
1041,35.48283,30.262358
1042,35.169685,31.345345
1043,36.32503,31.109793
1044,26.490957,9.723483
1045,22.712288,7.7493186
1046,25.32982,10.372557
1047,25.128359,7.0038424
1048,25.298645,7.127883
1049,26.927233,8.310783
1050,12.185464,41.035625
1051,11.771017,40.814598
1052,15.688376,40.701405
1053,-19.633009,-4.454637
1054,-19.411081,-3.397521
1055,-19.481,-1.4433855
1056,16.046713,-42.7945
1057,-19.387691,-4.0573688
1058,-13.285235,3.267309
1059,-21.523872,-1.9139838
1060,-14.818635,0.50486356
1061,-12.090006,-0.59027123
1062,-14.198813,-0.41664788
1063,15.9052105,-42.72161
1064,17.423107,-42.353928
1065,15.409365,-42.790936
1066,16.938,-43.85028
1067,-13.4305935,1.3713616
1068,14.553244,-22.583961
1069,13.964034,-19.985722
1070,18.390116,-30.217285
1071,17.125538,-27.412762
1072,14.821383,-26.87839
1073,16.748926,-17.855085
1074,14.383208,-24.448689
1075,17.181099,-13.256281
1076,19.763777,-14.360037
1077,15.801381,-17.79431
1078,20.654692,-19.988768
1079,21.274824,-18.552711
1080,20.362095,-25.561455
1081,16.705269,-15.087412
1082,23.901855,-24.090794
1083,23.61991,-28.885744
1084,22.95585,-28.057903
1085,19.97019,-25.671696
1086,21.309748,-17.084047
1087,21.688707,-26.638777
1088,20.58449,-26.88388
1089,-4.003221,-31.65564
1090,-4.0116587,-32.272648
1091,-55.59268,7.3024178
1092,-53.708015,8.421494
1093,-55.83361,8.222643
1094,-54.862732,7.357403
1095,-7.0489297,-30.957434
1096,-52.733288,6.4309716
1097,-7.033432,-31.351015
1098,-54.40326,6.044193
1099,-8.17093,-23.012419
1100,-52.54239,7.2583246
1101,-6.2514806,-23.619654
1102,-9.118332,-23.768507
1103,-49.40793,6.0773187
1104,-6.208587,-23.66132
1105,-49.505554,6.063429
1106,-51.385155,3.0923834
1107,-50.616505,10.28638
1108,-51.38487,3.2673812
1109,5.2667975,9.391288
1110,4.4732876,11.130409
1111,2.2498176,12.671858
1112,-11.363593,39.775154
1113,5.438,5.5484204
1114,3.962619,4.651966
1115,-12.683832,41.22786
1116,2.7097223,4.023721
1117,1.5838673,3.4564366
1118,-12.774161,41.44139
1119,-15.122808,42.09653
1120,-15.056795,41.731594
1121,-13.882128,23.667126
1122,-13.475,23.798456
1123,-35.854332,-31.23753
1124,-30.73504,-29.612152
1125,-12.914953,43.851097
1126,-15.028241,42.602173
1127,-12.656036,19.170778
1128,-13.54897,20.329796
1129,-14.631729,20.69371
1130,-33.823658,-31.974813
1131,-14.42861,20.654243
1132,-31.559557,-29.551891
1133,-33.447403,-31.724468
1134,-11.761877,26.111551
1135,33.309196,-17.826273
1136,33.77238,-18.784658
1137,-27.568563,-27.589851
1138,-28.340633,-26.297333
1139,-2.26935,21.579073
1140,-28.010033,-27.40035
1141,-3.435212,29.633041
1142,16.325949,4.79847
1143,-1.1043289,21.688536
1144,-0.8652411,29.67251
1145,-4.3662663,29.907507
1146,34.322815,-20.735937
1147,0.025685484,21.378454
1148,-0.7581235,22.67677
1149,-4.8350205,22.847542
1150,-35.234886,-27.031723
1151,33.300762,-22.591158
1152,-5.3298154,22.494839
1153,33.01529,-22.789675
1154,-5.3137074,22.355455
1155,19.110826,8.169522
1156,18.460815,3.9707148
1157,34.05481,32.158325
1158,27.677746,-22.129374
1159,33.369507,28.986979
1160,34.036762,29.372227
1161,33.512817,31.651474
1162,22.27018,4.7940106
1163,35.93132,31.259005
1164,35.291172,29.746199
1165,27.929752,9.834751
1166,23.076778,9.1526165
1167,25.193254,7.057483
1168,12.3832,41.80542
1169,14.806782,41.375095
1170,26.911913,8.238866
1171,11.863403,41.754005
1172,26.817087,7.849087
1173,-20.630964,-4.544696
1174,15.951546,40.20675
1175,-20.84523,-4.8357625
1176,-20.066813,-5.093943
1177,-21.686031,-2.1865041
1178,-22.002008,-3.4914436
1179,-12.548034,0.43470946
1180,-22.120947,-2.2553446
1181,18.177187,-43.68192
1182,18.129438,-41.092926
1183,-13.2880945,3.253461
1184,-12.526516,-0.30432278
1185,-12.073324,1.1912924
1186,-11.636797,0.4182147
1187,-13.118545,-1.3719313
1188,17.336073,-42.48692
1189,17.128227,-27.475706
1190,16.972351,-27.037832
1191,18.327517,-30.305727
1192,17.226583,-30.831326
1193,14.4500265,-24.658424
1194,14.13517,-25.295048
1195,18.517847,-14.601422
1196,15.417607,-16.930834
1197,16.922043,-15.179612
1198,16.872063,-15.10179
1199,23.846605,-29.207432
1200,22.575703,-17.230173
1201,19.806517,-25.673342
1202,22.086254,-18.914253
1203,22.501852,-24.234467
1204,15.997527,-15.358112
1205,21.902498,-18.933346
1206,21.900137,-26.911966
1207,22.753843,-25.861042
1208,21.359814,-25.00449
1209,21.339869,-25.09609
1210,-1.6664839,-27.393108
1211,-3.467941,-29.79975
1212,-6.973709,-32.31527
1213,-55.534542,8.477563
1214,-54.293232,8.2197275
1215,-55.439743,7.2618566
1216,-8.220908,-24.435823
1217,-7.0429997,-31.146086
1218,-1.8500446,-27.18726
1219,-1.4864104,-27.88252
1220,-7.063922,-25.75101
1221,-53.87344,6.048012
1222,-6.131908,-22.318014
1223,-8.358162,-24.333979
1224,-47.294098,8.151759
1225,-51.39617,2.9809375
1226,-49.919395,11.443465
1227,-50.799526,9.960737
1228,-50.628185,10.207063
1229,-47.026836,7.461152
1230,5.111077,10.146762
1231,4.5736423,11.032926
1232,-11.2511635,39.675495
1233,-11.200264,40.492596
1234,7.983785,9.4099455
1235,5.880452,5.933253
1236,4.3826404,4.8982396
1237,6.7289925,6.8964734
1238,-13.769677,41.540535
1239,12.8524885,8.895564
1240,13.61844,9.582458
1241,-14.374457,41.30448
1242,-14.407493,41.609035
1243,-15.159066,22.013243
1244,-11.78558,26.075958
1245,-13.969003,23.516174
1246,-14.436001,42.830055
1247,-31.401459,-31.497263
1248,-12.83192,19.34853
1249,-13.59251,20.52726
1250,-14.87394,20.683037
1251,-12.752013,19.271643
1252,-31.609404,-28.822186
1253,-33.293125,-29.150236
1254,33.620255,-18.25972
1255,-32.95201,-29.472315
1256,-3.1011543,28.091042
1257,33.897346,-19.428473
1258,-1.2862997,32.788788
1259,-1.1493322,32.653587
1260,0.18805797,21.563211
1261,-1.7675784,32.102455
1262,-2.291063,21.744316
1263,-0.7580618,22.274307
1264,-4.0126767,28.685032
1265,-4.657409,22.184872
1266,0.27309152,21.602407
1267,-36.707607,-28.340584
1268,16.882307,4.2933035
1269,-37.01426,-28.291803
1270,34.36592,-21.20695
1271,16.403238,4.3824534
1272,-36.22798,-28.11545
1273,-35.567257,-26.636063
1274,16.29629,5.5167217
1275,-4.8881645,22.827665
1276,35.07703,28.618793
1277,19.588463,4.046491
1278,19.053905,3.2392561
1279,20.187271,3.9125972
1280,20.206018,4.0283575
1281,26.944918,-21.7657
1282,21.769236,4.7531223
1283,18.99628,8.134733
1284,23.711117,9.5019
1285,26.189737,9.712077
1286,23.072134,8.522503
1287,27.181665,8.388371
1288,25.504044,9.864384
1289,24.242182,10.035223
1290,22.844213,8.521353
1291,27.30656,8.600175
1292,15.494596,40.83403
1293,12.742998,41.91898
1294,-22.154148,-3.2485843
1295,10.979846,40.721687
1296,-19.39553,-3.481371
1297,-20.530361,-2.0504794
1298,-19.657763,-4.1591396
1299,-21.220287,-1.7098559
